{"mean":{"confidence_interval":{"confidence_level":0.95,"lower_bound":125044941781.6,"upper_bound":128330398263.61626},"point_estimate":126843382363.35,"standard_error":837916386.9069741},"median":{"confidence_interval":{"confidence_level":0.95,"lower_bound":127897337702.5,"upper_bound":128933886223.5},"point_estimate":128746158618.0,"standard_error":406372416.67781526},"median_abs_dev":{"confidence_interval":{"confidence_level":0.95,"lower_bound":174461999.30478036,"upper_bound":1780971664.6166325},"point_estimate":596793432.2272986,"standard_error":488835036.7355632},"slope":null,"std_dev":{"confidence_interval":{"confidence_level":0.95,"lower_bound":2120163709.8971813,"upper_bound":4675429998.438663},"point_estimate":3847628667.6937566,"standard_error":718546255.6808512}}