{"mean":{"confidence_interval":{"confidence_level":0.95,"lower_bound":102164094.5995833,"upper_bound":102328031.48124999},"point_estimate":102244865.00000001,"standard_error":41811.4979628464},"median":{"confidence_interval":{"confidence_level":0.95,"lower_bound":102098542.33333334,"upper_bound":102413536.16666666},"point_estimate":102202542.33333333,"standard_error":80504.32164812673},"median_abs_dev":{"confidence_interval":{"confidence_level":0.95,"lower_bound":32668.596220023843,"upper_bound":297150.0997245312},"point_estimate":161113.3978396654,"standard_error":72661.35739165098},"slope":null,"std_dev":{"confidence_interval":{"confidence_level":0.95,"lower_bound":143973.56959280267,"upper_bound":225616.04163171563},"point_estimate":191428.65477296567,"standard_error":20791.603715382967}}