{"mean":{"confidence_interval":{"confidence_level":0.95,"lower_bound":17119768491.215,"upper_bound":19823397073.29125},"point_estimate":18576871151.25,"standard_error":694797504.5593528},"median":{"confidence_interval":{"confidence_level":0.95,"lower_bound":18836541400.5,"upper_bound":20252993784.5},"point_estimate":20220874003.5,"standard_error":508778614.2375862},"median_abs_dev":{"confidence_interval":{"confidence_level":0.95,"lower_bound":50671122.49210775,"upper_bound":3257072678.360501},"point_estimate":701951945.8825618,"standard_error":806353143.7468027},"slope":null,"std_dev":{"confidence_interval":{"confidence_level":0.95,"lower_bound":1707217418.133801,"upper_bound":4000544754.3044834},"point_estimate":3192957913.6358404,"standard_error":582281638.8211708}}