{"mean":{"confidence_interval":{"confidence_level":0.95,"lower_bound":608742210.25875,"upper_bound":628408101.0675},"point_estimate":618352399.6,"standard_error":5027149.218356643},"median":{"confidence_interval":{"confidence_level":0.95,"lower_bound":612002726.0,"upper_bound":623569842.5},"point_estimate":618516400.0,"standard_error":2797734.3581914515},"median_abs_dev":{"confidence_interval":{"confidence_level":0.95,"lower_bound":4031690.4472231865,"upper_bound":34709062.73429096},"point_estimate":15730376.825129986,"standard_error":7793724.381998271},"slope":null,"std_dev":{"confidence_interval":{"confidence_level":0.95,"lower_bound":14236766.283503842,"upper_bound":29332986.233065013},"point_estimate":23071582.016261652,"standard_error":3881259.0611231914}}