{"mean":{"confidence_interval":{"confidence_level":0.95,"lower_bound":33878941.166875005,"upper_bound":34076848.77375},"point_estimate":33962431.35,"standard_error":51572.45362184114},"median":{"confidence_interval":{"confidence_level":0.95,"lower_bound":33856382.75,"upper_bound":33955184.375},"point_estimate":33909388.75,"standard_error":26045.801104785365},"median_abs_dev":{"confidence_interval":{"confidence_level":0.95,"lower_bound":46716.169195622206,"upper_bound":179425.36076456308},"point_estimate":87954.68746349216,"standard_error":33595.40007961899},"slope":null,"std_dev":{"confidence_interval":{"confidence_level":0.95,"lower_bound":81658.64337357286,"upper_bound":364704.21793584473},"point_estimate":236811.89384372422,"standard_error":85400.16439064569}}