{"mean":{"confidence_interval":{"confidence_level":0.95,"lower_bound":358382754.95,"upper_bound":1063846694.4549996},"point_estimate":683896432.2,"standard_error":181122093.5355712},"median":{"confidence_interval":{"confidence_level":0.95,"lower_bound":285282078.0,"upper_bound":331429493.5},"point_estimate":287329023.5,"standard_error":45612157.48343004},"median_abs_dev":{"confidence_interval":{"confidence_level":0.95,"lower_bound":1058302.100211382,"upper_bound":69469678.43486667},"point_estimate":3794828.0515283346,"standard_error":56500260.16981082},"slope":null,"std_dev":{"confidence_interval":{"confidence_level":0.95,"lower_bound":178776711.37860477,"upper_bound":1075182989.2272105},"point_estimate":831059384.7583104,"standard_error":203108771.43065095}}