{"mean":{"confidence_interval":{"confidence_level":0.95,"lower_bound":6693291505.580001,"upper_bound":9867150844.741247},"point_estimate":8211785212.45,"standard_error":813929246.1258888},"median":{"confidence_interval":{"confidence_level":0.95,"lower_bound":5539577410.5,"upper_bound":10031260688.0},"point_estimate":5655070364.0,"standard_error":1219577791.8858452},"median_abs_dev":{"confidence_interval":{"confidence_level":0.95,"lower_bound":16099637.622374296,"upper_bound":5472848165.969422},"point_estimate":192813417.92147756,"standard_error":1326380614.5830703},"slope":null,"std_dev":{"confidence_interval":{"confidence_level":0.95,"lower_bound":2552867818.022426,"upper_bound":4226806852.6801357},"point_estimate":3742393390.9962873,"standard_error":436548943.1511427}}