{"mean":{"confidence_interval":{"confidence_level":0.95,"lower_bound":2418359487.7149997,"upper_bound":5655209747.896249},"point_estimate":3894977580.2,"standard_error":822928819.3306099},"median":{"confidence_interval":{"confidence_level":0.95,"lower_bound":1908534868.5,"upper_bound":2050281370.5},"point_estimate":1916510137.0,"standard_error":336616652.5320944},"median_abs_dev":{"confidence_interval":{"confidence_level":0.95,"lower_bound":3133553.6221683025,"upper_bound":220106714.25582469},"point_estimate":15441157.893964648,"standard_error":452962259.3353786},"slope":null,"std_dev":{"confidence_interval":{"confidence_level":0.95,"lower_bound":1750425145.419333,"upper_bound":4713272673.8661585},"point_estimate":3762421591.324543,"standard_error":752950634.715587}}