{"mean":{"confidence_interval":{"confidence_level":0.95,"lower_bound":106274945.66749999,"upper_bound":112033554.4075},"point_estimate":108902692.725,"standard_error":1446395.2738230396},"median":{"confidence_interval":{"confidence_level":0.95,"lower_bound":105997951.75,"upper_bound":106543488.25},"point_estimate":106229187.25,"standard_error":198886.61250693773},"median_abs_dev":{"confidence_interval":{"confidence_level":0.95,"lower_bound":189191.61744117737,"upper_bound":916282.7367827296},"point_estimate":433734.25164967775,"standard_error":245810.607620163},"slope":null,"std_dev":{"confidence_interval":{"confidence_level":0.95,"lower_bound":534068.7173106855,"upper_bound":9057442.452013696},"point_estimate":6651944.704784144,"standard_error":1890341.0810942824}}