{"mean":{"confidence_interval":{"confidence_level":0.95,"lower_bound":68849036.59656249,"upper_bound":69379524.25375},"point_estimate":69087251.7,"standard_error":136361.89840479792},"median":{"confidence_interval":{"confidence_level":0.95,"lower_bound":68727367.625,"upper_bound":69212015.75},"point_estimate":68813034.625,"standard_error":121775.37546585446},"median_abs_dev":{"confidence_interval":{"confidence_level":0.95,"lower_bound":94720.5324433744,"upper_bound":680740.2257144451},"point_estimate":205208.51560682058,"standard_error":147798.438103407},"slope":null,"std_dev":{"confidence_interval":{"confidence_level":0.95,"lower_bound":310803.4073801399,"upper_bound":883605.8531991787},"point_estimate":626380.3976825252,"standard_error":162966.7764001687}}