{"mean":{"confidence_interval":{"confidence_level":0.95,"lower_bound":72440625.5675,"upper_bound":134778561.7309375},"point_estimate":93279321.4875,"standard_error":20256483.03711368},"median":{"confidence_interval":{"confidence_level":0.95,"lower_bound":72351169.25,"upper_bound":72565432.625},"point_estimate":72440423.75,"standard_error":70891.68356820401},"median_abs_dev":{"confidence_interval":{"confidence_level":0.95,"lower_bound":82945.35280242562,"upper_bound":392960.34314855933},"point_estimate":185338.15478459,"standard_error":79155.81305336971},"slope":null,"std_dev":{"confidence_interval":{"confidence_level":0.95,"lower_bound":171016.3970816826,"upper_bound":151673818.70901144},"point_estimate":92549644.37087835,"standard_error":55937025.97363178}}