{"mean":{"confidence_interval":{"confidence_level":0.95,"lower_bound":19111762.617339786,"upper_bound":50792430.03825364},"point_estimate":32096642.557956118,"standard_error":8319608.4870237755},"median":{"confidence_interval":{"confidence_level":0.95,"lower_bound":19107495.75,"upper_bound":19173029.65625},"point_estimate":19125521.089285716,"standard_error":456745.4350625426},"median_abs_dev":{"confidence_interval":{"confidence_level":0.95,"lower_bound":24127.538540401485,"upper_bound":110206.56715594232},"point_estimate":70436.20013075433,"standard_error":676913.1802535469},"slope":{"confidence_interval":{"confidence_level":0.95,"lower_bound":19058817.022148483,"upper_bound":83238283.50536041},"point_estimate":48461751.69512195,"standard_error":16588241.657804074},"std_dev":{"confidence_interval":{"confidence_level":0.95,"lower_bound":146108.34441755936,"upper_bound":59258741.903387465},"point_estimate":38125035.99104506,"standard_error":16335354.085876208}}