{"mean":{"confidence_interval":{"confidence_level":0.95,"lower_bound":572504707.55375,"upper_bound":1625747735.2312498},"point_estimate":1015287443.4,"standard_error":267318748.58392164},"median":{"confidence_interval":{"confidence_level":0.95,"lower_bound":571192679.5,"upper_bound":574630011.5},"point_estimate":573430951.0,"standard_error":14437840.966039533},"median_abs_dev":{"confidence_interval":{"confidence_level":0.95,"lower_bound":1147827.4170219898,"upper_bound":6556658.277896047},"point_estimate":2853313.3164435625,"standard_error":20034277.486661803},"slope":null,"std_dev":{"confidence_interval":{"confidence_level":0.95,"lower_bound":2413005.391535057,"upper_bound":1847624140.4544623},"point_estimate":1226086319.9464629,"standard_error":474628270.92454416}}