{"mean":{"confidence_interval":{"confidence_level":0.95,"lower_bound":3190291473.4900002,"upper_bound":5961814836.579999},"point_estimate":4466124899.5,"standard_error":712568507.6068292},"median":{"confidence_interval":{"confidence_level":0.95,"lower_bound":2741723134.0,"upper_bound":2807656666.5},"point_estimate":2742658517.5,"standard_error":286703203.1988557},"median_abs_dev":{"confidence_interval":{"confidence_level":0.95,"lower_bound":2165314.281257987,"upper_bound":102903059.5195055},"point_estimate":9923487.886422873,"standard_error":376636069.0519588},"slope":null,"std_dev":{"confidence_interval":{"confidence_level":0.95,"lower_bound":1583670697.658766,"upper_bound":4072268084.016015},"point_estimate":3273484615.7592483,"standard_error":643691839.6063236}}