{"mean":{"confidence_interval":{"confidence_level":0.95,"lower_bound":594979689.38125,"upper_bound":1621360613.9187498},"point_estimate":997382221.9,"standard_error":269328822.7243289},"median":{"confidence_interval":{"confidence_level":0.95,"lower_bound":589589496.0,"upper_bound":600404304.0},"point_estimate":596718205.5,"standard_error":8772404.008546535},"median_abs_dev":{"confidence_interval":{"confidence_level":0.95,"lower_bound":1708922.5661605597,"upper_bound":15618008.349224925},"point_estimate":9427839.147922397,"standard_error":12713671.17114612},"slope":null,"std_dev":{"confidence_interval":{"confidence_level":0.95,"lower_bound":5275710.2353807,"upper_bound":1905829171.3573258},"point_estimate":1234060768.8789515,"standard_error":535425080.316706}}