{"mean":{"confidence_interval":{"confidence_level":0.95,"lower_bound":131912310.43833335,"upper_bound":411337479.89291656},"point_estimate":253350210.68333334,"standard_error":70828573.90341829},"median":{"confidence_interval":{"confidence_level":0.95,"lower_bound":95290506.16666666,"upper_bound":95511854.83333334},"point_estimate":95426046.5,"standard_error":24292871.09300497},"median_abs_dev":{"confidence_interval":{"confidence_level":0.95,"lower_bound":108047.93248178047,"upper_bound":596226.3439148738},"point_estimate":220284.45698917282,"standard_error":25162658.090704255},"slope":null,"std_dev":{"confidence_interval":{"confidence_level":0.95,"lower_bound":163379054.71692872,"upper_bound":396445126.39121115},"point_estimate":324650163.9060503,"standard_error":65015805.7292661}}