{"mean":{"confidence_interval":{"confidence_level":0.95,"lower_bound":68639752.8390625,"upper_bound":68897602.7909375},"point_estimate":68763379.275,"standard_error":65731.61714371966},"median":{"confidence_interval":{"confidence_level":0.95,"lower_bound":68527040.25,"upper_bound":68970452.875},"point_estimate":68651171.75,"standard_error":97108.70910277976},"median_abs_dev":{"confidence_interval":{"confidence_level":0.95,"lower_bound":71810.84167510271,"upper_bound":468570.90323120356},"point_estimate":237967.67397522926,"standard_error":96640.23933909561},"slope":null,"std_dev":{"confidence_interval":{"confidence_level":0.95,"lower_bound":209134.34032238822,"upper_bound":353696.84101507877},"point_estimate":301950.90554919624,"standard_error":36694.92123895328}}