{"mean":{"confidence_interval":{"confidence_level":0.95,"lower_bound":446784068.9525,"upper_bound":448865333.18874997},"point_estimate":447849543.7,"standard_error":530927.6627116346},"median":{"confidence_interval":{"confidence_level":0.95,"lower_bound":446395168.5,"upper_bound":449501237.0},"point_estimate":448656898.5,"standard_error":818116.2576376816},"median_abs_dev":{"confidence_interval":{"confidence_level":0.95,"lower_bound":1085378.823530674,"upper_bound":3889344.5411503315},"point_estimate":2629305.062520504,"standard_error":757476.0369934684},"slope":null,"std_dev":{"confidence_interval":{"confidence_level":0.95,"lower_bound":1772409.02816264,"upper_bound":2853149.434565152},"point_estimate":2431226.2572462247,"standard_error":275650.8527289258}}