{"mean":{"confidence_interval":{"confidence_level":0.95,"lower_bound":13631924.4746875,"upper_bound":13694818.1028125},"point_estimate":13657055.4,"standard_error":16785.638129712963},"median":{"confidence_interval":{"confidence_level":0.95,"lower_bound":13625499.625,"upper_bound":13664503.125},"point_estimate":13637538.625,"standard_error":9630.605406838124},"median_abs_dev":{"confidence_interval":{"confidence_level":0.95,"lower_bound":14723.885663598776,"upper_bound":45397.58184403181},"point_estimate":33408.72248187661,"standard_error":8299.810828599104},"slope":null,"std_dev":{"confidence_interval":{"confidence_level":0.95,"lower_bound":21005.270729445543,"upper_bound":123289.2119998996},"point_estimate":77055.47038251764,"standard_error":33317.01975691365}}