{"mean":{"confidence_interval":{"confidence_level":0.95,"lower_bound":501356508.5775,"upper_bound":502025666.075},"point_estimate":501694086.2,"standard_error":170539.02914621792},"median":{"confidence_interval":{"confidence_level":0.95,"lower_bound":501363144.0,"upper_bound":502021088.0},"point_estimate":501728401.5,"standard_error":171644.02286166805},"median_abs_dev":{"confidence_interval":{"confidence_level":0.95,"lower_bound":289021.7453688383,"upper_bound":1235546.9270646572},"point_estimate":729702.3485451937,"standard_error":250328.6802235668},"slope":null,"std_dev":{"confidence_interval":{"confidence_level":0.95,"lower_bound":524902.7574876328,"upper_bound":977652.2468216673},"point_estimate":784519.7985819164,"standard_error":115134.03934485023}}