{"mean":{"confidence_interval":{"confidence_level":0.95,"lower_bound":174787938.405,"upper_bound":557194506.77125},"point_estimate":328521983.55,"standard_error":102341763.62478724},"median":{"confidence_interval":{"confidence_level":0.95,"lower_bound":174072725.0,"upper_bound":176090025.0},"point_estimate":174878790.0,"standard_error":3464771.662559793},"median_abs_dev":{"confidence_interval":{"confidence_level":0.95,"lower_bound":760144.5738047361,"upper_bound":4039680.9197813272},"point_estimate":2027330.9256076813,"standard_error":5158186.005250303},"slope":null,"std_dev":{"confidence_interval":{"confidence_level":0.95,"lower_bound":1823381.7902952838,"upper_bound":677112392.8117299},"point_estimate":468996887.8281433,"standard_error":183618187.09361687}}