{"mean":{"confidence_interval":{"confidence_level":0.95,"lower_bound":8079961773.25,"upper_bound":12007461128.08125},"point_estimate":10003723780.45,"standard_error":1011663871.797024},"median":{"confidence_interval":{"confidence_level":0.95,"lower_bound":5680953320.0,"upper_bound":15212253845.5},"point_estimate":7724211927.0,"standard_error":3410101951.515708},"median_abs_dev":{"confidence_interval":{"confidence_level":0.95,"lower_bound":29377040.18895328,"upper_bound":7105123181.617502},"point_estimate":3058831408.561787,"standard_error":2521919412.6331434},"slope":null,"std_dev":{"confidence_interval":{"confidence_level":0.95,"lower_bound":3905236697.5623307,"upper_bound":4888477807.158612},"point_estimate":4635686831.718282,"standard_error":262307546.39553306}}