{"mean":{"confidence_interval":{"confidence_level":0.95,"lower_bound":3253345131.5274997,"upper_bound":6248228954.679999},"point_estimate":4604214660.5,"standard_error":769267015.3424498},"median":{"confidence_interval":{"confidence_level":0.95,"lower_bound":2754379941.5,"upper_bound":2882392895.0},"point_estimate":2809023506.0,"standard_error":290656883.9908099},"median_abs_dev":{"confidence_interval":{"confidence_level":0.95,"lower_bound":26197803.21379602,"upper_bound":216838491.63024724},"point_estimate":101811048.28499258,"standard_error":348286585.15341425},"slope":null,"std_dev":{"confidence_interval":{"confidence_level":0.95,"lower_bound":1803806394.796929,"upper_bound":4341491541.050515},"point_estimate":3529470864.772253,"standard_error":688068865.4454367}}