{"mean":{"confidence_interval":{"confidence_level":0.95,"lower_bound":1406616716.48875,"upper_bound":4013758610.158748},"point_estimate":2616563105.95,"standard_error":673628634.0189599},"median":{"confidence_interval":{"confidence_level":0.95,"lower_bound":1186286323.0,"upper_bound":1197424703.0},"point_estimate":1191771376.0,"standard_error":139425019.68078074},"median_abs_dev":{"confidence_interval":{"confidence_level":0.95,"lower_bound":5395262.847214937,"upper_bound":27861742.955455184},"point_estimate":9680781.822931767,"standard_error":187956978.03819346},"slope":null,"std_dev":{"confidence_interval":{"confidence_level":0.95,"lower_bound":534970900.73749226,"upper_bound":4018093674.3617635},"point_estimate":3095209678.408252,"standard_error":776015373.2720517}}