{"mean":{"confidence_interval":{"confidence_level":0.95,"lower_bound":1921048780917.1611,"upper_bound":1945095884429.3625},"point_estimate":1933800967495.2,"standard_error":6121764449.184281},"median":{"confidence_interval":{"confidence_level":0.95,"lower_bound":1927831774568.0,"upper_bound":1945572903965.0},"point_estimate":1936645685140.5,"standard_error":5202101236.88212},"median_abs_dev":{"confidence_interval":{"confidence_level":0.95,"lower_bound":8933222116.643805,"upper_bound":39779340452.31223},"point_estimate":16764574961.005398,"standard_error":8602387409.892078},"slope":null,"std_dev":{"confidence_interval":{"confidence_level":0.95,"lower_bound":15819566530.516428,"upper_bound":38479494586.14402},"point_estimate":28043389307.436325,"standard_error":6174262791.486281}}