{"mean":{"confidence_interval":{"confidence_level":0.95,"lower_bound":140171081.4754167,"upper_bound":417476677.12916666},"point_estimate":264352976.3666667,"standard_error":71688908.02394824},"median":{"confidence_interval":{"confidence_level":0.95,"lower_bound":103423307.16666666,"upper_bound":111887519.33333334},"point_estimate":104123932.5,"standard_error":23113715.833039135},"median_abs_dev":{"confidence_interval":{"confidence_level":0.95,"lower_bound":621518.7581658437,"upper_bound":13962814.711910482},"point_estimate":2324414.061233394,"standard_error":24172106.3733471},"slope":null,"std_dev":{"confidence_interval":{"confidence_level":0.95,"lower_bound":146577962.04800013,"upper_bound":409318739.41604173},"point_estimate":329031343.7069392,"standard_error":67906168.62303677}}