{"mean":{"confidence_interval":{"confidence_level":0.95,"lower_bound":6278243743.79625,"upper_bound":9308011873.069998},"point_estimate":7690502825.05,"standard_error":781783985.6732758},"median":{"confidence_interval":{"confidence_level":0.95,"lower_bound":5517209896.5,"upper_bound":7548512288.5},"point_estimate":5542780728.0,"standard_error":693922380.0730474},"median_abs_dev":{"confidence_interval":{"confidence_level":0.95,"lower_bound":28701251.84715092,"upper_bound":3078277427.0325513},"point_estimate":68565319.87902224,"standard_error":927411179.9308746},"slope":null,"std_dev":{"confidence_interval":{"confidence_level":0.95,"lower_bound":2161988791.562547,"upper_bound":4309415966.1178465},"point_estimate":3592704341.830988,"standard_error":561825463.2269833}}