{"mean":{"confidence_interval":{"confidence_level":0.95,"lower_bound":29293071832.475002,"upper_bound":32039445434.15},"point_estimate":30573996265.8,"standard_error":707347175.7752286},"median":{"confidence_interval":{"confidence_level":0.95,"lower_bound":28477973458.0,"upper_bound":31798383531.5},"point_estimate":28893470120.0,"standard_error":777813139.197959},"median_abs_dev":{"confidence_interval":{"confidence_level":0.95,"lower_bound":327441614.2489493,"upper_bound":4550371809.233952},"point_estimate":1212597556.7319899,"standard_error":977712996.4788175},"slope":null,"std_dev":{"confidence_interval":{"confidence_level":0.95,"lower_bound":1863910888.5490394,"upper_bound":4052830323.6152596},"point_estimate":3256217237.426713,"standard_error":555813655.9195713}}