{"mean":{"confidence_interval":{"confidence_level":0.95,"lower_bound":443117636.46999997,"upper_bound":1487057886.0736983},"point_estimate":922512942.65,"standard_error":262691275.898273},"median":{"confidence_interval":{"confidence_level":0.95,"lower_bound":441495041.0,"upper_bound":445566745.0},"point_estimate":442262315.0,"standard_error":17374661.508886296},"median_abs_dev":{"confidence_interval":{"confidence_level":0.95,"lower_bound":861206.742310524,"upper_bound":5759191.473653913},"point_estimate":2333458.1681728363,"standard_error":24796117.31174297},"slope":null,"std_dev":{"confidence_interval":{"confidence_level":0.95,"lower_bound":2190925.716168391,"upper_bound":1656483036.6893706},"point_estimate":1205646730.0052385,"standard_error":361147590.4466553}}