{"mean":{"confidence_interval":{"confidence_level":0.95,"lower_bound":67296883.86437501,"upper_bound":69494247.25375},"point_estimate":68092384.35,"standard_error":635037.7207068119},"median":{"confidence_interval":{"confidence_level":0.95,"lower_bound":67227013.5,"upper_bound":67345306.75},"point_estimate":67282280.5,"standard_error":41250.12605064591},"median_abs_dev":{"confidence_interval":{"confidence_level":0.95,"lower_bound":45579.57099080086,"upper_bound":229560.96147447824},"point_estimate":117659.13391113281,"standard_error":57037.047257328086},"slope":null,"std_dev":{"confidence_interval":{"confidence_level":0.95,"lower_bound":150251.62206286093,"upper_bound":4752507.081561857},"point_estimate":2918076.074309529,"standard_error":1536171.176204214}}