{"mean":{"confidence_interval":{"confidence_level":0.95,"lower_bound":2738039815.03125,"upper_bound":5693156824.407498},"point_estimate":4055256957.45,"standard_error":757230831.4727937},"median":{"confidence_interval":{"confidence_level":0.95,"lower_bound":2243884689.5,"upper_bound":2674656403.0},"point_estimate":2255493367.5,"standard_error":285590098.5452437},"median_abs_dev":{"confidence_interval":{"confidence_level":0.95,"lower_bound":4541724.853268266,"upper_bound":643417277.6986599},"point_estimate":22441344.1082865,"standard_error":335548798.2453276},"slope":null,"std_dev":{"confidence_interval":{"confidence_level":0.95,"lower_bound":1767381668.769135,"upper_bound":4277348585.3858094},"point_estimate":3486717256.5215287,"standard_error":682048299.8295425}}