{"mean":{"confidence_interval":{"confidence_level":0.95,"lower_bound":44821662.1,"upper_bound":131111752.96625},"point_estimate":78452933.9,"standard_error":22752620.89127481},"median":{"confidence_interval":{"confidence_level":0.95,"lower_bound":44831224.0,"upper_bound":44981664.5},"point_estimate":44884856.0,"standard_error":48726.53735655805},"median_abs_dev":{"confidence_interval":{"confidence_level":0.95,"lower_bound":86852.18905806541,"upper_bound":671598.5142767429},"point_estimate":143528.27955186367,"standard_error":157301.17901337123},"slope":null,"std_dev":{"confidence_interval":{"confidence_level":0.95,"lower_bound":274391.809859851,"upper_bound":155184197.78040105},"point_estimate":104461649.39392968,"standard_error":42323052.03957794}}