{"mean":{"confidence_interval":{"confidence_level":0.95,"lower_bound":187837734.6625,"upper_bound":586733966.9375},"point_estimate":362068381.35,"standard_error":101539507.98867491},"median":{"confidence_interval":{"confidence_level":0.95,"lower_bound":130307730.5,"upper_bound":131938576.0},"point_estimate":130845464.0,"standard_error":38534242.07762065},"median_abs_dev":{"confidence_interval":{"confidence_level":0.95,"lower_bound":201987.93781399727,"upper_bound":2547597.4953711033},"point_estimate":917065.9202188253,"standard_error":37005484.65873976},"slope":null,"std_dev":{"confidence_interval":{"confidence_level":0.95,"lower_bound":254145964.0587296,"upper_bound":570296071.0187083},"point_estimate":466311435.3843077,"standard_error":91401543.6803572}}