{"mean":{"confidence_interval":{"confidence_level":0.95,"lower_bound":229301298.57500005,"upper_bound":681318265.6318749},"point_estimate":432942051.35,"standard_error":115801186.59054756},"median":{"confidence_interval":{"confidence_level":0.95,"lower_bound":191675494.0,"upper_bound":196520284.25},"point_estimate":192350274.75,"standard_error":21447187.0620965},"median_abs_dev":{"confidence_interval":{"confidence_level":0.95,"lower_bound":391499.0555495024,"upper_bound":7593520.870538056},"point_estimate":1377620.7760423422,"standard_error":30713876.261256956},"slope":null,"std_dev":{"confidence_interval":{"confidence_level":0.95,"lower_bound":143814219.5103788,"upper_bound":725985408.8874512},"point_estimate":532994161.6376573,"standard_error":142699860.74143982}}