{"mean":{"confidence_interval":{"confidence_level":0.95,"lower_bound":106646450.628125,"upper_bound":246797320.35},"point_estimate":154150567.325,"standard_error":44767266.01262683},"median":{"confidence_interval":{"confidence_level":0.95,"lower_bound":105722461.5,"upper_bound":106682063.0},"point_estimate":105949807.25,"standard_error":464262.3876005532},"median_abs_dev":{"confidence_interval":{"confidence_level":0.95,"lower_bound":296489.9720862508,"upper_bound":1881094.6772038937},"point_estimate":641763.0430564284,"standard_error":693855.98460276},"slope":null,"std_dev":{"confidence_interval":{"confidence_level":0.95,"lower_bound":2194882.691816584,"upper_bound":335182667.2035814},"point_estimate":204323713.63341698,"standard_error":121415295.44115819}}