{"mean":{"confidence_interval":{"confidence_level":0.95,"lower_bound":55796276.02708334,"upper_bound":166645618.9608333},"point_estimate":105795701.32499999,"standard_error":28274188.71296177},"median":{"confidence_interval":{"confidence_level":0.95,"lower_bound":46437975.333333336,"upper_bound":52838895.66666667},"point_estimate":46554169.0,"standard_error":5325770.389326246},"median_abs_dev":{"confidence_interval":{"confidence_level":0.95,"lower_bound":70994.42328960072,"upper_bound":9522700.342038285},"point_estimate":871276.8084317464,"standard_error":7578333.908083671},"slope":null,"std_dev":{"confidence_interval":{"confidence_level":0.95,"lower_bound":30185315.993967064,"upper_bound":175363761.8157411},"point_estimate":129614977.23886943,"standard_error":34366178.099086}}