{"mean":{"confidence_interval":{"confidence_level":0.95,"lower_bound":467251763.71625,"upper_bound":1515910265.35},"point_estimate":941727298.55,"standard_error":264797344.0675229},"median":{"confidence_interval":{"confidence_level":0.95,"lower_bound":457954590.0,"upper_bound":463808710.5},"point_estimate":458917259.5,"standard_error":20820115.060140133},"median_abs_dev":{"confidence_interval":{"confidence_level":0.95,"lower_bound":1010674.3173569441,"upper_bound":14929127.908354998},"point_estimate":5956538.132250309,"standard_error":30808160.16359135},"slope":null,"std_dev":{"confidence_interval":{"confidence_level":0.95,"lower_bound":21956057.94671179,"upper_bound":1688693452.2681334},"point_estimate":1215738330.5546038,"standard_error":374408813.14823}}