{"mean":{"confidence_interval":{"confidence_level":0.95,"lower_bound":1971850995769.1187,"upper_bound":1999784684771.6238},"point_estimate":1986361670013.2,"standard_error":7120590650.896397},"median":{"confidence_interval":{"confidence_level":0.95,"lower_bound":1977880091657.5,"upper_bound":1999640239455.0},"point_estimate":1992312089115.5,"standard_error":5662464245.091741},"median_abs_dev":{"confidence_interval":{"confidence_level":0.95,"lower_bound":9658587641.582493,"upper_bound":38762000066.28495},"point_estimate":22007750167.67443,"standard_error":7462317788.686206},"slope":null,"std_dev":{"confidence_interval":{"confidence_level":0.95,"lower_bound":18149621884.21958,"upper_bound":43881148064.95048},"point_estimate":32679211335.644554,"standard_error":6652118125.382159}}