{"mean":{"confidence_interval":{"confidence_level":0.95,"lower_bound":335527763.06,"upper_bound":352002559.99375},"point_estimate":342650425.0,"standard_error":4245510.632335358},"median":{"confidence_interval":{"confidence_level":0.95,"lower_bound":335564961.5,"upper_bound":336158234.0},"point_estimate":335781763.0,"standard_error":242801.05640975607},"median_abs_dev":{"confidence_interval":{"confidence_level":0.95,"lower_bound":230117.30711460114,"upper_bound":2556497.543013096},"point_estimate":558155.894690752,"standard_error":710555.2455589203},"slope":null,"std_dev":{"confidence_interval":{"confidence_level":0.95,"lower_bound":1328192.4082244325,"upper_bound":27684526.01031205},"point_estimate":19442647.81356283,"standard_error":6516413.999827344}}