{"mean":{"confidence_interval":{"confidence_level":0.95,"lower_bound":286683309.27250004,"upper_bound":287210626.02875},"point_estimate":286937405.25,"standard_error":134399.54292942942},"median":{"confidence_interval":{"confidence_level":0.95,"lower_bound":286450654.5,"upper_bound":287263241.0},"point_estimate":286847396.5,"standard_error":210066.1582426157},"median_abs_dev":{"confidence_interval":{"confidence_level":0.95,"lower_bound":203076.16619467735,"upper_bound":944320.5555349588},"point_estimate":635652.8779149055,"standard_error":191447.21436875447},"slope":null,"std_dev":{"confidence_interval":{"confidence_level":0.95,"lower_bound":424456.1791880394,"upper_bound":746668.6135397088},"point_estimate":615699.393685098,"standard_error":82175.27462757779}}