{"mean":{"confidence_interval":{"confidence_level":0.95,"lower_bound":66702546.70708332,"upper_bound":203088769.82083333},"point_estimate":126149623.30000003,"standard_error":34930183.1690339},"median":{"confidence_interval":{"confidence_level":0.95,"lower_bound":47060929.0,"upper_bound":53029372.5},"point_estimate":47253694.16666667,"standard_error":12102034.036876542},"median_abs_dev":{"confidence_interval":{"confidence_level":0.95,"lower_bound":179579.67471182716,"upper_bound":8938945.629101995},"point_estimate":485849.4939744583,"standard_error":12873083.639703788},"slope":null,"std_dev":{"confidence_interval":{"confidence_level":0.95,"lower_bound":79162562.77116258,"upper_bound":195951772.83933473},"point_estimate":159851424.2048915,"standard_error":32082496.969687343}}