{"mean":{"confidence_interval":{"confidence_level":0.95,"lower_bound":462377386.39750004,"upper_bound":669506219.68125},"point_estimate":534268587.55,"standard_error":63925131.17775377},"median":{"confidence_interval":{"confidence_level":0.95,"lower_bound":460186351.5,"upper_bound":463523273.0},"point_estimate":461907760.0,"standard_error":1251549.6884026302},"median_abs_dev":{"confidence_interval":{"confidence_level":0.95,"lower_bound":1264594.767048955,"upper_bound":8108015.307953954},"point_estimate":3547464.4002199173,"standard_error":2141576.391297701},"slope":null,"std_dev":{"confidence_interval":{"confidence_level":0.95,"lower_bound":7414146.001990959,"upper_bound":479642384.2820672},"point_estimate":292280036.576043,"standard_error":167289600.13510308}}