{"mean":{"confidence_interval":{"confidence_level":0.95,"lower_bound":3754448907.5325,"upper_bound":6752967214.189996},"point_estimate":5163948831.75,"standard_error":774812091.1654065},"median":{"confidence_interval":{"confidence_level":0.95,"lower_bound":2805685851.0,"upper_bound":6452231171.5},"point_estimate":2879295450.0,"standard_error":963666831.7264334},"median_abs_dev":{"confidence_interval":{"confidence_level":0.95,"lower_bound":18482606.475368142,"upper_bound":5311044538.522911},"point_estimate":122869985.7845217,"standard_error":1323073189.04843},"slope":null,"std_dev":{"confidence_interval":{"confidence_level":0.95,"lower_bound":2204057931.7441616,"upper_bound":4242007836.1273766},"point_estimate":3553658199.5034757,"standard_error":528292610.6867526}}