{"mean":{"confidence_interval":{"confidence_level":0.95,"lower_bound":511907856.3,"upper_bound":1591137378.08},"point_estimate":986657851.75,"standard_error":275445573.58587146},"median":{"confidence_interval":{"confidence_level":0.95,"lower_bound":505939333.0,"upper_bound":512714816.5},"point_estimate":509427873.5,"standard_error":18082327.426329043},"median_abs_dev":{"confidence_interval":{"confidence_level":0.95,"lower_bound":3190850.922051072,"upper_bound":14089001.513770223},"point_estimate":5241635.096642375,"standard_error":19488646.712156765},"slope":null,"std_dev":{"confidence_interval":{"confidence_level":0.95,"lower_bound":14625901.20148155,"upper_bound":1790365720.8241923},"point_estimate":1262268245.1227922,"standard_error":422955838.4046113}}