{"mean":{"confidence_interval":{"confidence_level":0.95,"lower_bound":136071337.1454167,"upper_bound":418113385.9341665},"point_estimate":263383580.91666666,"standard_error":71928083.79239504},"median":{"confidence_interval":{"confidence_level":0.95,"lower_bound":102540534.83333334,"upper_bound":114305664.5},"point_estimate":104148554.66666666,"standard_error":20917123.987824373},"median_abs_dev":{"confidence_interval":{"confidence_level":0.95,"lower_bound":815898.4871149063,"upper_bound":18567124.25517005},"point_estimate":3449712.8774553426,"standard_error":23350959.749015916},"slope":null,"std_dev":{"confidence_interval":{"confidence_level":0.95,"lower_bound":124183140.82163768,"upper_bound":409965082.45362335},"point_estimate":329579134.3871863,"standard_error":70397095.3199914}}