{"mean":{"confidence_interval":{"confidence_level":0.95,"lower_bound":194344760.675,"upper_bound":662202847.6274986},"point_estimate":414357297.25,"standard_error":118202474.46989068},"median":{"confidence_interval":{"confidence_level":0.95,"lower_bound":190516816.25,"upper_bound":191816256.75},"point_estimate":191314733.0,"standard_error":13231604.019340692},"median_abs_dev":{"confidence_interval":{"confidence_level":0.95,"lower_bound":573097.5372254848,"upper_bound":5433067.293293774},"point_estimate":1635235.86486876,"standard_error":14754710.761902783},"slope":null,"std_dev":{"confidence_interval":{"confidence_level":0.95,"lower_bound":10312722.02010054,"upper_bound":720157022.5033811},"point_estimate":542541803.383395,"standard_error":151145471.54639664}}