{"mean":{"confidence_interval":{"confidence_level":0.95,"lower_bound":3059303365.74375,"upper_bound":5723557669.54375},"point_estimate":4269712420.35,"standard_error":691369645.1705244},"median":{"confidence_interval":{"confidence_level":0.95,"lower_bound":2809205085.0,"upper_bound":2886071364.5},"point_estimate":2813881847.5,"standard_error":146883519.7849583},"median_abs_dev":{"confidence_interval":{"confidence_level":0.95,"lower_bound":5418997.048893571,"upper_bound":126294905.88391721},"point_estimate":11229043.184244633,"standard_error":212886312.45757934},"slope":null,"std_dev":{"confidence_interval":{"confidence_level":0.95,"lower_bound":946386005.0343632,"upper_bound":4238024008.4025645},"point_estimate":3155165447.6101193,"standard_error":807839833.8453966}}