{"mean":{"confidence_interval":{"confidence_level":0.95,"lower_bound":536965325.02125,"upper_bound":556596142.57625},"point_estimate":546595237.15,"standard_error":5023441.591751291},"median":{"confidence_interval":{"confidence_level":0.95,"lower_bound":530114247.0,"upper_bound":562739298.0},"point_estimate":531404991.5,"standard_error":10992467.710618619},"median_abs_dev":{"confidence_interval":{"confidence_level":0.95,"lower_bound":1394515.7440423965,"upper_bound":39759581.79872632},"point_estimate":19957781.58837855,"standard_error":11870487.05279885},"slope":null,"std_dev":{"confidence_interval":{"confidence_level":0.95,"lower_bound":16744769.13553767,"upper_bound":27259126.567089975},"point_estimate":23121450.46786971,"standard_error":2665551.060305398}}