{"mean":{"confidence_interval":{"confidence_level":0.95,"lower_bound":449409619.9325,"upper_bound":1139906842.6},"point_estimate":700897465.6,"standard_error":192838763.4652391},"median":{"confidence_interval":{"confidence_level":0.95,"lower_bound":446647619.0,"upper_bound":448870254.0},"point_estimate":447447330.0,"standard_error":3991244.1052207034},"median_abs_dev":{"confidence_interval":{"confidence_level":0.95,"lower_bound":994393.1457459927,"upper_bound":5491215.234911442},"point_estimate":2063682.7943623066,"standard_error":5953616.340687759},"slope":null,"std_dev":{"confidence_interval":{"confidence_level":0.95,"lower_bound":10817510.531956952,"upper_bound":1405207640.5027442},"point_estimate":881113783.9871092,"standard_error":440007783.83194256}}