{"mean":{"confidence_interval":{"confidence_level":0.95,"lower_bound":955930822.5512501,"upper_bound":2254125434.23875},"point_estimate":1428932140.0,"standard_error":359577794.31352514},"median":{"confidence_interval":{"confidence_level":0.95,"lower_bound":949016678.5,"upper_bound":963853630.0},"point_estimate":954315693.0,"standard_error":4976274.824135426},"median_abs_dev":{"confidence_interval":{"confidence_level":0.95,"lower_bound":3383754.9698263407,"upper_bound":22775053.64076197},"point_estimate":9846959.040981531,"standard_error":7043769.8114609085},"slope":null,"std_dev":{"confidence_interval":{"confidence_level":0.95,"lower_bound":10614478.162225202,"upper_bound":2621792173.825019},"point_estimate":1649938793.6532466,"standard_error":815202402.8471761}}