{"mean":{"confidence_interval":{"confidence_level":0.95,"lower_bound":3728352982.38375,"upper_bound":6954226092.7775},"point_estimate":5252084465.85,"standard_error":818220425.199464},"median":{"confidence_interval":{"confidence_level":0.95,"lower_bound":3155700349.0,"upper_bound":3211442912.5},"point_estimate":3198278432.5,"standard_error":491246195.2888206},"median_abs_dev":{"confidence_interval":{"confidence_level":0.95,"lower_bound":4548267.566952109,"upper_bound":86088298.69542718},"point_estimate":63658402.48283744,"standard_error":530281499.3723465},"slope":null,"std_dev":{"confidence_interval":{"confidence_level":0.95,"lower_bound":2145885175.8480854,"upper_bound":4506520491.973097},"point_estimate":3766585851.9310155,"standard_error":629720110.0715688}}