{"mean":{"confidence_interval":{"confidence_level":0.95,"lower_bound":11996976755.528751,"upper_bound":15721255795.45},"point_estimate":13883833375.4,"standard_error":962069350.0223738},"median":{"confidence_interval":{"confidence_level":0.95,"lower_bound":8571447483.0,"upper_bound":17329165624.0},"point_estimate":16963293653.5,"standard_error":2718157696.4429183},"median_abs_dev":{"confidence_interval":{"confidence_level":0.95,"lower_bound":255851714.81102407,"upper_bound":6625000192.198035},"point_estimate":1963833812.9520802,"standard_error":1761559760.649908},"slope":null,"std_dev":{"confidence_interval":{"confidence_level":0.95,"lower_bound":3546571426.4267316,"upper_bound":4675507812.737075},"point_estimate":4414592990.687708,"standard_error":293935175.9005618}}