{"mean":{"confidence_interval":{"confidence_level":0.95,"lower_bound":85691341.04625002,"upper_bound":87017157.12708335},"point_estimate":86197841.71666667,"standard_error":364714.22607311606},"median":{"confidence_interval":{"confidence_level":0.95,"lower_bound":85539140.0,"upper_bound":86121103.16666667},"point_estimate":85783546.66666666,"standard_error":126663.11414301806},"median_abs_dev":{"confidence_interval":{"confidence_level":0.95,"lower_bound":196178.6169171407,"upper_bound":719480.8657241557},"point_estimate":498414.5287513512,"standard_error":137017.29515751213},"slope":null,"std_dev":{"confidence_interval":{"confidence_level":0.95,"lower_bound":315178.0569598629,"upper_bound":2702806.8966171374},"point_estimate":1673885.0883182564,"standard_error":790750.3265089927}}