{"mean":{"confidence_interval":{"confidence_level":0.95,"lower_bound":850312200.8000001,"upper_bound":2074190244.8899999},"point_estimate":1329661199.35,"standard_error":323523677.9806435},"median":{"confidence_interval":{"confidence_level":0.95,"lower_bound":849818440.5,"upper_bound":854362095.5},"point_estimate":850829080.0,"standard_error":1400819.9452871755},"median_abs_dev":{"confidence_interval":{"confidence_level":0.95,"lower_bound":1498374.0960985422,"upper_bound":7979982.422026992},"point_estimate":4291264.050614834,"standard_error":1718254.0449990826},"slope":null,"std_dev":{"confidence_interval":{"confidence_level":0.95,"lower_bound":3692716.0836077156,"upper_bound":2187573498.911229},"point_estimate":1483433512.4317036,"standard_error":594899946.006896}}